<?xml version="1.0" encoding="ISO-8859-1"?>
<!DOCTYPE refentry PUBLIC 
   "-//OASIS//DTD DocBook XML V4.1.2//EN"
   "docbook/docbookx.dtd">
<refentry id='gif2png.1'>
<refmeta>
<refentrytitle>gif2png</refentrytitle>
<manvolnum>1</manvolnum>
<refmiscinfo class='date'>20 September 1999</refmiscinfo>
</refmeta>
<refnamediv id='name'>
<refname>gif2png</refname>
<refpurpose>convert GIFs to PNGs</refpurpose>
</refnamediv>
<refsynopsisdiv id='synopsis'>

<cmdsynopsis>
  <!--  gif2png  [ \-bdfghinprsvwO ]   [ file.[gif] ...  ]  -->
  <command>gif2png</command>  <arg choice='opt'>-bdfghinprsvwO</arg>
  <arg choice='opt' rep='repeat'><replaceable>file.[gif]</replaceable></arg>
</cmdsynopsis>

</refsynopsisdiv>

<refsect1 id='description'><title>DESCRIPTION</title>

<para>The <command>gif2png</command> program converts files in the
obsolescent and patent-encumbered Graphic Interchange Format (GIF) to
Portable Network Graphics (PNG) format, an open W3C standard.</para>

<para>Normally <command>gif2png</command> converts each file named on
the command line, leaving the original in place.  If a name does not
have a .gif extension, the unmodified name will be tried first,
followed by the name with .gif appended.  For each file named
`foo.gif', a foo.png will be created.</para>

<para>When a multi-image GIF file named foo.gif is converted, gif2png
creates multiple PNG files, each containing one frame; their names
will be foo.png, foo.p01, foo.p02 etc.</para>

<para>If no source files are specified and stdin is a terminal,
<command>gif2png</command> lists a usage summary and version
information, then exits.</para>

<para>If no source files are specified, and stdin is a device or pipe, stdin
is converted to noname.png.  (The program can't be a normal
stdin-to-stdout filter because of the possibility that the input GIF
might have multiple images).</para>

<para>However, if filter mode is forced (with -f) stdin will be
converted to stdout, with <command>gif2png</command> returning an
error code if the GIF is multi-image.</para>

<para>The program will preserve the information contained in a GIF
file as closely as possible, including GIF comment and
application-data extension blocks. All graphics data (pixels, RGB
color tables) will be converted without loss of information.
Transparency is also preserved.  There is one exception; GIF
plain-text extensions are skipped.</para>

<para>The program automatically converts interlaced GIFs to interlaced
PNGs.  It detects images in which all colors are gray (equal R, G, and
B values) and converts such images to PNG grayscale.  Other images are
converted to use the PNG palette type.  Duplicate color entries are
silently preserved.  Unused color-table entries cause an error
message.</para>

<para>The action of the program can be modified with the following
command-line switches:</para>

<variablelist remap='TP'>
<varlistentry>
<term>
  <option>-b</option> {#}RRGGBB
</term>
<listitem>
<para>Background.  Replace transparent pixels with given RGB value,
six hexadecimal digits interpreted as two hexits each of red,
green, and blue value.  The value may optionally be led with
a #, HTML-style.</para>
</listitem>
</varlistentry>
<varlistentry>
<term>
  <option>-d </option>
</term>
<listitem>
<para>Delete source GIF files after successful conversion.</para>
</listitem>
</varlistentry>
<varlistentry>
<term>
  <option>-f </option>
</term>
<listitem>
<para>Filter mode.  Convert GIF on stdin to PNG on stdout, return error
if the GIF is multi-image.</para>
</listitem>
</varlistentry>
<varlistentry>
<term>
  <option>-g </option>
</term>
<listitem>
<para>Write gamma=1/2.2 and sRGB chunks in the PNG.</para>
</listitem>
</varlistentry>
<varlistentry>
<term>
  <option>-h </option>
</term>
<listitem>
<para>Generate PNG color-frequency histogram chunks into converted color files.</para>
</listitem>
</varlistentry>
<varlistentry>
<term>
  <option>-i </option>
</term>
<listitem>
<para>Force conversion to interlaced PNG files.</para>
</listitem>
</varlistentry>
<varlistentry>
<term>
  <option>-n </option>
</term>
<listitem>
<para>Force conversion to non-interlaced PNG files.</para>
</listitem>
</varlistentry>
<varlistentry>
<term>
  <option>-p </option>
</term>
<listitem>
<para>Display progress of PNG writing.</para>
</listitem>
</varlistentry>
<varlistentry>
<term>
  <option>-r </option>
</term>
<listitem>
<para>Try to recover data from corrupted GIF files.</para>
</listitem>
</varlistentry>
<varlistentry>
<term>
  <option>-s </option>
</term>
<listitem>
<para>Do not translate the GIF Software chunk to a PNG annotation.</para>
</listitem>
</varlistentry>
<varlistentry>
<term>
  <option>-t </option>
</term>
<listitem>
<para>Change behavior of web-probe (-w) mode to accept GIFs with transparency.</para>
</listitem>
</varlistentry>
<varlistentry>
<term>
  <option>-v </option>
</term>
<listitem>
<para>Verbose mode; show summary line, -vv enables conversion-statistics and
debugging messages.</para>
</listitem>
</varlistentry>
<varlistentry>
<term>
  <option>-w </option>
</term>
<listitem>
<para>Web-probe switch; list GIFs that do not have multiple images or
transparency to stdout.  GIFs that fail this filter cause error
messages to stderr.</para>
</listitem>
</varlistentry>
<varlistentry>
<term>
  <option> -O </option>
</term>
<listitem>


<para>Optimize; remove unused color-table entries.  Normally these
trigger an error message and disable <option>-d</option> (but
conversion is completed anyway).  Also, use zlib compression level 9
(best compression) instead of the default level.  The recovery
algorithm enabled by <option>-r</option> is as follows: Unused color
table entries will not trigger an error message as they normally do,
but will still be preserved unless <option>-O</option> is also on, in
which case they will be discarded. Missing color tables will be
patched with a default that puts black at index 0, white at index 1,
and supplies red, green, blue, yellow, purple and cyan as the
remaining color values.  Missing image pixels will be set to 0.
Unrecognized or corrupted extensions will be discarded.</para>
</listitem>
</varlistentry>
</variablelist>

</refsect1>

<refsect1 id='problems'><title>PROBLEMS</title>

<para>Naively converting all your GIFs at one go with
<command>gif2png</command> is not likely to give you the results you
want.  The problem is not with PNG itself or with gif2png, but with
the poor-to-nonexistent support for PNG transparency and animation in
most browsers.</para>

<para>The web-probe switch is intended to be used with scripts for
converting web sites.  All PNGs generated from the pathnames it
returns will be properly rendered in Netscape Navigator 4.04+,
Internet Explorer versions 4.0b1+, and all other current web browsers.
Note: in future releases of gif2png, the meaning of this switch may
change to reflect the capabilities of prevalent browsers.</para>

</refsect1>

<refsect1 id='patent_issues'><title>PATENT ISSUES</title> <para>The
GIF format is encumbered by a Unisys patent (see &lt;<ulink
url='http://www.delphion.com/details'>http://www.delphion.com/details</ulink>?&amp;pn10=US04464650&gt;)
for the Lempel-Ziv-Welch compression algorithm.  Use of any GIF image
generator not licensed by Unisys can make you liable to lawsuit.
Unisys apparently refuses to issue licenses for use of LZW in
open-source programs, and in 1999 stated that its policy is to require
a $5000 fee from websites that carry GIF images made by unlicensed
software -- even nonprofit websites created and displayed with free
software.  See &lt;<ulink
url='http://corp2.unisys.com/LeadStory/lzw-license.html'>http://corp2.unisys.com/LeadStory/lzw-license.html</ulink>&gt;
for details.</para>

<para>The patent probably does not cover LZW decompressors such as the
one gif2png uses; legal opinions are divided on this, there has been
no court test, and Unisys refuses to commit itself.  It is possible
that you may be liable if you distribute <command>gif2png</command> in
a commercial program, or distribute <command>gif2png</command> on a
for-profit basis. </para>

<para>For a history of the GIF patent controversy, see &lt;<ulink
url='http://lpf.ai.mit.edu/Patents/Gif/Gif.html'>http://lpf.ai.mit.edu/Patents/Gif/Gif.html</ulink>&gt;.
To avoid legal problems, it would be a good idea to convert all GIFs
on your websites and elsewhere to PNGs without delay.  See &lt;<ulink
url='http://burnallgifs.org/'>http://burnallgifs.org/</ulink>&gt; for
discussion.</para>

</refsect1>

<refsect1 id='standards_and_specifications'><title>STANDARDS AND SPECIFICATIONS</title>

<para>Copies of the GIF89 specification are widely available on the
Web; search for "GRAPHICS INTERCHANGE FORMAT".  The Graphics
Interchange Format(c) is the Copyright property of CompuServe
Incorporated. GIF(sm) is a Service Mark property of CompuServe
Incorporated.</para>

<para>The PNG home site at &lt;<ulink
url='http://www.libpng.org/pub/png/'>http://www.libpng.org/pub/png/</ulink>&gt;
has very complete information on the PNG standard, PNG libraries, and
PNG tools.</para>

</refsect1>

<refsect1 id='see_also'><title>SEE ALSO</title>
<para>web2png(1)</para>

</refsect1>

<refsect1 id='authors'><title>AUTHORS</title>
<para>Code by Alexander Lehmann &lt;alex@hal.rhein-main.de&gt;, 1995.
Auto-interlace conversion and tRNS optimization by Greg Roelofs
&lt;newt@pobox.com&gt;, 1999.  Man page, -O, -w, and production
packaging by Eric S. Raymond &lt;esr@thyrsus.com&gt;, 1999.</para>
</refsect1>
</refentry>

