<?xml version="1.0"?>
<ultramode>
  <story>
    <title>100 Mbit/s on Fibre to the home</title>
    <url>http://slashdot.org/articles/99/06/06/1440211.shtml</url>
    <time>1999-06-06 14:39:59</time>
    <author>CmdrTaco</author>
    <department>wouldn&apos;t-it-be-nice</department>
    <topic>internet</topic>
    <comments>20</comments>
    <section>articles</section>
    <image>topicinternet.jpg</image>
  </story>
  <story>
    <title>Gimp 1.2 Preview</title>
    <url>http://slashdot.org/articles/99/06/06/1438246.shtml</url>
    <time>1999-06-06 14:38:40</time>
    <author>CmdrTaco</author>
    <department>stuff-to-read</department>
    <topic>gimp</topic>
    <comments>12</comments>
    <section>articles</section>
    <image>topicgimp.gif</image>
  </story>
  <story>
    <title>Sony&apos;s AIBO robot Sold Out</title>
    <url>http://slashdot.org/articles/99/06/06/1432256.shtml</url>
    <time>1999-06-06 14:32:51</time>
    <author>CmdrTaco</author>
    <department>stuff-to-see</department>
    <topic>tech</topic>
    <comments>10</comments>
    <section>articles</section>
    <image>topictech2.jpg</image>
  </story>
  <story>
    <title>Ask Slashdot: Another Word for &quot;Hacker&quot;?</title>
    <url>http://slashdot.org/askslashdot/99/06/05/1815225.shtml</url>
    <time>1999-06-05 20:00:00</time>
    <author>Cliff</author>
    <department>hacker-vs-cracker</department>
    <topic>news</topic>
    <comments>385</comments>
    <section>askslashdot</section>
    <image>topicnews.gif</image>
  </story>
  <story>
    <title>Corel Linux FAQ</title>
    <url>http://slashdot.org/articles/99/06/05/1842218.shtml</url>
    <time>1999-06-05 18:42:06</time>
    <author>CmdrTaco</author>
    <department>stuff-to-read</department>
    <topic>corel</topic>
    <comments>164</comments>
    <section>articles</section>
    <image>topiccorel.gif</image>
  </story>
  <story>
    <title>Upside downsides MP3.COM.</title>
    <url>http://slashdot.org/articles/99/06/05/1558210.shtml</url>
    <time>1999-06-05 15:56:45</time>
    <author>CmdrTaco</author>
    <department>stuff-to-think-about</department>
    <topic>music</topic>
    <comments>48</comments>
    <section>articles</section>
    <image>topicmusic.gif</image>
  </story>
  <story>
    <title>2 Terabits of Bandwidth</title>
    <url>http://slashdot.org/articles/99/06/05/1554258.shtml</url>
    <time>1999-06-05 15:53:43</time>
    <author>CmdrTaco</author>
    <department>faster-porn</department>
    <topic>internet</topic>
    <comments>66</comments>
    <section>articles</section>
    <image>topicinternet.jpg</image>
  </story>
  <story>
    <title>Suppression of cold fusion research?</title>
    <url>http://slashdot.org/articles/99/06/04/2313200.shtml</url>
    <time>1999-06-04 23:12:29</time>
    <author>Hemos</author>
    <department>possibly-probably</department>
    <topic>science</topic>
    <comments>217</comments>
    <section>articles</section>
    <image>topicscience.gif</image>
  </story>
  <story>
    <title>California Gov. Halts Wage Info Sale</title>
    <url>http://slashdot.org/articles/99/06/04/235256.shtml</url>
    <time>1999-06-04 23:05:34</time>
    <author>Hemos</author>
    <department>woo-hoo!</department>
    <topic>usa</topic>
    <comments>16</comments>
    <section>articles</section>
    <image>topicus.gif</image>
  </story>
  <story>
    <title>Red Hat Announces IPO</title>
    <url>http://slashdot.org/articles/99/06/04/0849207.shtml</url>
    <time>1999-06-04 19:30:18</time>
    <author>Justin</author>
    <department>details-sketchy</department>
    <topic>redhat</topic>
    <comments>155</comments>
    <section>articles</section>
    <image>topicredhat.gif</image>
  </story>
</ultramode>
